CREATE DATABASE  IF NOT EXISTS `psych_exam` /*!40100 DEFAULT CHARACTER SET utf8 */;
USE `psych_exam`;
-- MySQL dump 10.13  Distrib 5.7.17, for Win64 (x86_64)
--
-- Host: localhost    Database: psych_exam
-- ------------------------------------------------------
-- Server version	5.7.19

/*!40101 SET @OLD_CHARACTER_SET_CLIENT=@@CHARACTER_SET_CLIENT */;
/*!40101 SET @OLD_CHARACTER_SET_RESULTS=@@CHARACTER_SET_RESULTS */;
/*!40101 SET @OLD_COLLATION_CONNECTION=@@COLLATION_CONNECTION */;
/*!40101 SET NAMES utf8 */;
/*!40103 SET @OLD_TIME_ZONE=@@TIME_ZONE */;
/*!40103 SET TIME_ZONE='+00:00' */;
/*!40014 SET @OLD_UNIQUE_CHECKS=@@UNIQUE_CHECKS, UNIQUE_CHECKS=0 */;
/*!40014 SET @OLD_FOREIGN_KEY_CHECKS=@@FOREIGN_KEY_CHECKS, FOREIGN_KEY_CHECKS=0 */;
/*!40101 SET @OLD_SQL_MODE=@@SQL_MODE, SQL_MODE='NO_AUTO_VALUE_ON_ZERO' */;
/*!40111 SET @OLD_SQL_NOTES=@@SQL_NOTES, SQL_NOTES=0 */;

--
-- Table structure for table `answer`
--

DROP TABLE IF EXISTS `answer`;
/*!40101 SET @saved_cs_client     = @@character_set_client */;
/*!40101 SET character_set_client = utf8 */;
CREATE TABLE `answer` (
  `answer_id` int(11) NOT NULL AUTO_INCREMENT,
  `fk_choice_id` int(11) NOT NULL,
  `fk_question_id` int(11) NOT NULL,
  PRIMARY KEY (`answer_id`),
  KEY `fk_answer_choice1_idx` (`fk_choice_id`),
  KEY `fk_answer_question1_idx` (`fk_question_id`),
  CONSTRAINT `fk_answer_choice1` FOREIGN KEY (`fk_choice_id`) REFERENCES `choice` (`choice_id`) ON DELETE NO ACTION ON UPDATE NO ACTION,
  CONSTRAINT `fk_answer_question1` FOREIGN KEY (`fk_question_id`) REFERENCES `question` (`question_id`) ON DELETE NO ACTION ON UPDATE NO ACTION
) ENGINE=InnoDB AUTO_INCREMENT=157 DEFAULT CHARSET=utf8;
/*!40101 SET character_set_client = @saved_cs_client */;

--
-- Dumping data for table `answer`
--

LOCK TABLES `answer` WRITE;
/*!40000 ALTER TABLE `answer` DISABLE KEYS */;
INSERT INTO `answer` VALUES (1,1,1),(2,4,2),(3,9,3),(4,12,4),(5,13,5),(6,18,6),(7,19,7),(8,24,8),(9,25,9),(10,30,10),(11,31,11),(12,36,12),(13,39,13),(14,40,14),(15,45,15),(16,46,16),(17,49,17),(18,54,18),(19,55,19),(20,58,20),(21,63,21),(22,64,22),(23,69,23),(24,70,24),(25,73,25),(26,78,26),(27,79,27),(28,82,28),(29,85,29),(30,88,30),(31,93,31),(32,94,32),(33,99,33),(34,100,34),(35,103,35),(36,108,36),(37,109,37),(38,112,38),(39,115,39),(40,118,40),(41,121,41),(42,124,42),(43,127,43),(44,130,44),(45,135,45),(46,136,46),(47,141,47),(48,144,48),(49,147,49),(50,150,50),(51,151,51),(52,154,52),(53,159,53),(54,162,54),(55,163,55),(56,168,56),(57,171,57),(58,172,58),(59,175,59),(60,180,60),(61,183,61),(62,184,62),(63,187,63),(64,190,64),(65,193,65),(66,196,66),(67,199,67),(68,204,68),(69,207,69),(70,210,70),(71,213,71),(72,214,72),(73,217,73),(74,220,74),(75,225,75),(76,226,76),(77,229,77),(78,234,78),(79,235,79),(80,238,80),(81,241,81),(82,244,82),(83,247,83),(84,252,84),(85,255,85),(86,258,86),(87,259,87),(88,264,88),(89,265,89),(90,270,90),(91,271,91),(92,274,92),(93,279,93),(94,282,94),(95,283,95),(96,286,96),(97,289,97),(98,294,98),(99,295,99),(100,300,100),(101,301,101),(102,304,102),(103,309,103),(104,312,104),(105,313,105),(106,316,106),(107,321,107),(108,322,108),(109,325,109),(110,328,110),(111,333,111),(112,334,112),(113,339,113),(114,340,114),(115,345,115),(116,348,116),(117,349,117),(118,354,118),(119,355,119),(120,360,120),(121,361,121),(122,364,122),(123,367,123),(124,372,124),(125,373,125),(126,378,126),(127,381,127),(128,382,128),(129,387,129),(130,388,130),(131,391,131),(132,396,132),(133,397,133),(134,402,134),(135,403,135),(136,408,136),(137,411,137),(138,414,138),(139,417,139),(140,418,140),(141,423,141),(142,424,142),(143,429,143),(144,430,144),(145,435,145),(146,436,146),(147,439,147),(148,442,148),(149,445,149),(150,448,150),(151,453,151),(152,456,152),(153,459,153),(154,460,154),(155,463,155),(156,468,156);
/*!40000 ALTER TABLE `answer` ENABLE KEYS */;
UNLOCK TABLES;

--
-- Table structure for table `choice`
--

DROP TABLE IF EXISTS `choice`;
/*!40101 SET @saved_cs_client     = @@character_set_client */;
/*!40101 SET character_set_client = utf8 */;
CREATE TABLE `choice` (
  `choice_id` int(11) NOT NULL AUTO_INCREMENT,
  `choice_legend` varchar(45) DEFAULT NULL,
  `choice_value` text,
  `fk_question_id` int(11) NOT NULL,
  PRIMARY KEY (`choice_id`),
  KEY `fk_choice_question1_idx` (`fk_question_id`),
  CONSTRAINT `fk_choice_question1` FOREIGN KEY (`fk_question_id`) REFERENCES `question` (`question_id`) ON DELETE NO ACTION ON UPDATE NO ACTION
) ENGINE=InnoDB AUTO_INCREMENT=469 DEFAULT CHARSET=utf8;
/*!40101 SET character_set_client = @saved_cs_client */;

--
-- Dumping data for table `choice`
--

LOCK TABLES `choice` WRITE;
/*!40000 ALTER TABLE `choice` DISABLE KEYS */;
INSERT INTO `choice` VALUES (1,'a','true',1),(2,'b','?',1),(3,'c','false',1),(4,'a','An event organizer, meeting people;',2),(5,'b','?',2),(6,'c','An agriculturist, tending my farm',2),(7,'a','True',3),(8,'b','?',3),(9,'c','False',3),(10,'a','True',4),(11,'b','?',4),(12,'c','False',4),(13,'a','True',5),(14,'b','?',5),(15,'c','False',5),(16,'a','working in a laboratory;',6),(17,'b','?',6),(18,'c','Conducting experimental trials with people.',6),(19,'a','Open and friendly',7),(20,'b','?',7),(21,'c','A little bit distant and fair.',7),(22,'a','Creating/doing something alone;',8),(23,'b','?',8),(24,'c','Do community service with people.',8),(25,'a','True',9),(26,'b','?',9),(27,'c','False',9),(28,'a','Handle machines/do the encoding',10),(29,'b','?',10),(30,'c','See people and interview applicants.',10),(31,'a','True',11),(32,'b','?',11),(33,'c','False',11),(34,'a','Feel overwhelmed;',12),(35,'b','?',12),(36,'c','Just go on and live one day at a time.',12),(37,'a','True',13),(38,'b','?',13),(39,'c','False',13),(40,'a','True',14),(41,'b','?',14),(42,'c','False',14),(43,'a','True',15),(44,'b','?',15),(45,'c','False',15),(46,'a','True',16),(47,'b','?',16),(48,'c','False',16),(49,'a','True',17),(50,'b','?',17),(51,'c','False',17),(52,'a','True',18),(53,'b','?',18),(54,'c','False',18),(55,'a','Very rarely',19),(56,'b','?',19),(57,'c','Quite often',19),(58,'a','True',20),(59,'b','?',20),(60,'c','False',20),(61,'a','Let it pass',21),(62,'b','?',21),(63,'c','Call their attention',21),(64,'a','True',22),(65,'b','?',22),(66,'c','False',22),(67,'a','Collaborative',23),(68,'b','?',23),(69,'c','Authoritative',23),(70,'a','True',24),(71,'b','?',24),(72,'c','False',24),(73,'a','True',25),(74,'b','?',25),(75,'c','False',25),(76,'a','Wouldn\'t mind and just follow them.',26),(77,'b','?',26),(78,'c','Tell them that my way was best.',26),(79,'a','True',27),(80,'b','?',27),(81,'c','False',27),(82,'a','True',28),(83,'b','?',28),(84,'c','False',28),(85,'a','Will make it known to him;',29),(86,'b','?',29),(87,'c','Will let it pass.',29),(88,'a','True',30),(89,'b','?',30),(90,'c','False',30),(91,'a','Being serious in everything I do;',31),(92,'b','?',31),(93,'c','Enjoying life while I still can.',31),(94,'a','True',32),(95,'b','?',32),(96,'c','False',32),(97,'a','Watching a movie alone at home;',33),(98,'b','?',33),(99,'c','False',33),(100,'a','True',34),(101,'b','?',34),(102,'c','False',34),(103,'a','True',35),(104,'b','?',35),(105,'c','False',35),(106,'a','True',36),(107,'b','?',36),(108,'c','False',36),(109,'a','True',37),(110,'b','?',37),(111,'c','False',37),(112,'a','True',38),(113,'b','?',38),(114,'c','False',38),(115,'a','True',39),(116,'b','?',39),(117,'c','False',39),(118,'a','True',40),(119,'b','?',40),(120,'c','False',40),(121,'a','Rules are strict.',41),(122,'b','?',41),(123,'c','Rules are not strict.',41),(124,'a','One who has average abilities but disciplined;',42),(125,'b','?',42),(126,'c','One very talented but many not be very disciplined.',42),(127,'a','True',43),(128,'b','?',43),(129,'c','False',43),(130,'a','True',44),(131,'b','?',44),(132,'c','False',44),(133,'a','True',45),(134,'b','?',45),(135,'c','False',45),(136,'a','I had to go back and pay;',46),(137,'b','?',46),(138,'c','It\'s not my business to tell her.',46),(139,'a','True',47),(140,'b','?',47),(141,'c','False',47),(142,'a','True',48),(143,'b','?',48),(144,'c','False',48),(145,'a','True',49),(146,'b','?',49),(147,'c','False',49),(148,'a','Do it only for a greater cause;',50),(149,'b','?',50),(150,'c','Not do it at all.',50),(151,'a','True',51),(152,'b','?',51),(153,'c','False',51),(154,'a','Creating, doing, or building something;',52),(155,'b','?',52),(156,'c','Reading, daydreaming, or indulging in fantasy.',52),(157,'a','True',53),(158,'b','?',53),(159,'c','False',53),(160,'a','True',54),(161,'b','?',54),(162,'c','False',54),(163,'a','Is easy',55),(164,'b','?',55),(165,'c','Is difficult for me.',55),(166,'a','True',56),(167,'b','?',56),(168,'c','False',56),(169,'a','True',57),(170,'b','?',57),(171,'c','False',57),(172,'a','True',58),(173,'b','?',58),(174,'c','False',58),(175,'a','True',59),(176,'b','?',59),(177,'c','False',59),(178,'a','True',60),(179,'b','?',60),(180,'c','False',60),(181,'a','Creating, doing, or building something;',61),(182,'b','?',61),(183,'c','Reading, daydreaming, or indulging in fantasy.',61),(184,'a','True',62),(185,'b','?',62),(186,'c','False',62),(187,'a','Aerobics',63),(188,'b','?',63),(189,'c','Basketball',63),(190,'a','True',64),(191,'b','?',64),(192,'c','False',64),(193,'a','Movie reviews',65),(194,'b','?',65),(195,'c','Sports reviews',65),(196,'a','True',66),(197,'b','?',66),(198,'c','False',66),(199,'a','True',67),(200,'b','?',67),(201,'c','False',67),(202,'a','True',68),(203,'b','?',68),(204,'c','False',68),(205,'a','True',69),(206,'b','?',69),(207,'c','False',69),(208,'a','True',70),(209,'b','?',70),(210,'c','False',70),(211,'a','Shows on pioneering, useful inventions;',71),(212,'b','?',71),(213,'c','Music concert representing my age group or generation.',71),(214,'a','True',72),(215,'b','?',72),(216,'c','False',72),(217,'a','True',73),(218,'b','?',73),(219,'c','False',73),(220,'a','True',74),(221,'b','?',74),(222,'c','False',74),(223,'a','Rarely',75),(224,'b','?',75),(225,'c','Often',75),(226,'a','True',76),(227,'b','?',76),(228,'c','False',76),(229,'a','True',77),(230,'b','?',77),(231,'c','False',77),(232,'a','True',78),(233,'b','?',78),(234,'c','False',78),(235,'a','True',79),(236,'b','?',79),(237,'c','False',79),(238,'a','True',80),(239,'b','?',80),(240,'c','False',80),(241,'a','True',81),(242,'b','?',81),(243,'c','False',81),(244,'a','True',82),(245,'b','?',82),(246,'c','False',82),(247,'a','True',83),(248,'b','?',83),(249,'c','False',83),(250,'a','Hardly ever or rarely.',84),(251,'b','?',84),(252,'c','Often',84),(253,'a','Works on tasks',85),(254,'b','?',85),(255,'c','Daydreams',85),(256,'a','True',86),(257,'b','?',86),(258,'c','False',86),(259,'a','True',87),(260,'b','?',87),(261,'c','False',87),(262,'a','What I see and observe around me;',88),(263,'b','?',88),(264,'c','My fantasies and wishes.',88),(265,'a','True',89),(266,'b','?',89),(267,'c','False',89),(268,'a','True',90),(269,'b','?',90),(270,'c','False',90),(271,'a','True',91),(272,'b','?',91),(273,'c','False',91),(274,'a','True',92),(275,'b','?',92),(276,'c','False',92),(277,'a','True',93),(278,'b','?',93),(279,'c','False',93),(280,'a','Open my problems/concerns to people I trust;',94),(281,'b','?',94),(282,'c','Keep them as secret to myself',94),(283,'a','True',95),(284,'b','?',95),(285,'c','False',95),(286,'a','True',96),(287,'b','?',96),(288,'c','False',96),(289,'a','True',97),(290,'b','?',97),(291,'c','False',97),(292,'a','Be open and frank about everything',98),(293,'b','?',98),(294,'c','Keep confidential issues to yourself.',98),(295,'a','True',99),(296,'b','?',99),(297,'c','False',99),(298,'a','Openly',100),(299,'b','?',100),(300,'c','Only if I can\'t anymore avoid it.',100),(301,'a','True',101),(302,'b','?',101),(303,'c','False',101),(304,'a','True',102),(305,'b','?',102),(306,'c','False',102),(307,'a','Hardly ever or rarely',103),(308,'b','?',103),(309,'c','Often',103),(310,'a','I don\'t mind it at all;',104),(311,'b','?',104),(312,'c','I feel hurt.',104),(313,'a','True',105),(314,'b','?',105),(315,'c','False',105),(316,'a','True',106),(317,'b','?',106),(318,'c','False',106),(319,'a','Hardly ever',107),(320,'b','?',107),(321,'c','Often',107),(322,'a','True',108),(323,'b','?',108),(324,'c','False',108),(325,'a','True',109),(326,'b','?',109),(327,'c','False',109),(328,'a','True',110),(329,'b','?',110),(330,'c','False',110),(331,'a','True',111),(332,'b','?',111),(333,'c','False',111),(334,'a','True',112),(335,'b','?',112),(336,'c','False',112),(337,'a','Polite when they talk;',113),(338,'b','?',113),(339,'c','Direct/Frank when they talk.',113),(340,'a','True',114),(341,'b','?',114),(342,'c','False',114),(343,'a','True, why take chances?',115),(344,'b','?',115),(345,'c','False, I\'d probably produce a better output.',115),(346,'a','True',116),(347,'b','?',116),(348,'c','False',116),(349,'a','Reflect more about my life;',117),(350,'b','?',117),(351,'c','Get a good paying job.',117),(352,'a','Grounded, action oriented citizens;',118),(353,'b','?',118),(354,'c','Idealistic citizens with ideas to improve the community.',118),(355,'a','True',119),(356,'b','?',119),(357,'c','False',119),(358,'a','True',120),(359,'b','?',120),(360,'c','False',120),(361,'a','Monotonous/unchallenging',121),(362,'b','?',121),(363,'c','Giving me a sense of security.',121),(364,'a','True',122),(365,'b','?',122),(366,'c','False',122),(367,'a','Problems of the people in our community.',123),(368,'b','?',123),(369,'c','All the local news.',123),(370,'a','People question and change tried and tested strategies;',124),(371,'b','?',124),(372,'c','People turn down innovative strategies or methods.',124),(373,'a','Talk about our dissimilarities;',125),(374,'b','?',125),(375,'c','Talk about something else.',125),(376,'a','True',126),(377,'b','?',126),(378,'c','False',126),(379,'a','True',127),(380,'b','?',127),(381,'c','False',127),(382,'a','True',128),(383,'b','?',128),(384,'c','False',128),(385,'a','In a team or with a partner;',129),(386,'b','?',129),(387,'c','Done alone',129),(388,'a','True',130),(389,'b','?',130),(390,'c','False',130),(391,'a','True',131),(392,'b','?',131),(393,'c','False',131),(394,'a','True',132),(395,'b','?',132),(396,'c','False',132),(397,'a','Work alone in a project;',133),(398,'b','?',133),(399,'c','Work on a project with friends.',133),(400,'a','With people',134),(401,'b','?',134),(402,'c','Alone',134),(403,'a','True',135),(404,'b','?',135),(405,'c','False',135),(406,'a','Working with other people;',136),(407,'b','?',136),(408,'c','Working alone.',136),(409,'a','Some tasks just don\'t have to be done as thoroughly as others;',137),(410,'b','?',137),(411,'c','Anything should be done well if you do it at all.',137),(412,'a','True',138),(413,'b','?',138),(414,'c','False',138),(415,'a','True',139),(416,'b','?',139),(417,'c','False',139),(418,'a','True',140),(419,'b','?',140),(420,'c','False',140),(421,'a','True',141),(422,'b','?',141),(423,'c','False',141),(424,'a','True',142),(425,'b','?',142),(426,'c','False',142),(427,'a','Postpone it.',143),(428,'b','?',143),(429,'c','Start it right away.',143),(430,'a','True',144),(431,'b','?',144),(432,'c','False',144),(433,'a','Rarely',145),(434,'b','?',145),(435,'c','Often',145),(436,'a','True',146),(437,'b','?',146),(438,'c','False',146),(439,'a','True',147),(440,'b','?',147),(441,'c','False',147),(442,'a','Is irritating;',148),(443,'b','?',148),(444,'c','Is alright.',148),(445,'a','True',149),(446,'b','?',149),(447,'c','False',149),(448,'a','True',150),(449,'b','?',150),(450,'c','False',150),(451,'a','True',151),(452,'b','?',151),(453,'c','False',151),(454,'a','True',152),(455,'b','?',152),(456,'c','False',152),(457,'a','True',153),(458,'b','?',153),(459,'c','False',153),(460,'a','True',154),(461,'b','?',154),(462,'c','False',154),(463,'a','True',155),(464,'b','?',155),(465,'c','False',155),(466,'a','True',156),(467,'b','?',156),(468,'c','False',156);
/*!40000 ALTER TABLE `choice` ENABLE KEYS */;
UNLOCK TABLES;

--
-- Table structure for table `question`
--

DROP TABLE IF EXISTS `question`;
/*!40101 SET @saved_cs_client     = @@character_set_client */;
/*!40101 SET character_set_client = utf8 */;
CREATE TABLE `question` (
  `question_id` int(11) NOT NULL AUTO_INCREMENT,
  `question_value` text,
  `question_answer` text,
  `fk_quiz_id` int(11) NOT NULL,
  `question_number` int(11) DEFAULT NULL,
  PRIMARY KEY (`question_id`),
  KEY `fk_question_quiz_idx` (`fk_quiz_id`),
  CONSTRAINT `fk_question_quiz` FOREIGN KEY (`fk_quiz_id`) REFERENCES `quiz` (`quiz_id`) ON DELETE NO ACTION ON UPDATE NO ACTION
) ENGINE=InnoDB AUTO_INCREMENT=157 DEFAULT CHARSET=utf8;
/*!40101 SET character_set_client = @saved_cs_client */;

--
-- Dumping data for table `question`
--

LOCK TABLES `question` WRITE;
/*!40000 ALTER TABLE `question` DISABLE KEYS */;
INSERT INTO `question` VALUES (1,'I LOVE BEING A TEACHER THAN BEING AN ENGINEER','a',1,1),(2,'I WOULD RATHER BE:','a',1,31),(3,'IT IS DIFFICULT FOR ME TO SHOW THAT I CARE FOR SOMEONE.','c',1,63),(4,'GIVEN THE SAME SALARY, I PREFER TO BE A WRITER THAN A SALESMAN.','c',1,65),(5,'I LOVE PEOPLE WHO GENUINELY SHOW THEIR FEELINGS.','a',1,96),(6,'IF GIVEN A CHANCE TO HELP DEVELOP A USEFUL VACCINE, I’D PREFER:','c',1,98),(7,'MOST PEOPLE FIND ME:','a',1,127),(8,'WHEN I HAVE EXTRA TIME TO SPEND, I’D PREFER:','c',1,129),(9,'I WOULD RATHER LISTEN TO PEOPLE DISCUSS THEIR PERSONAL ISSUES THAN ABOUT OTHER MATTERS.','a',1,159),(10,'I WOULD ENJOY WORK IF I:','c',1,161),(11,'WHEN SOMETHING MAKES ME FEEL BAD/ANGRY, I CAN CALM DOWN AND RECOVER QUITE EASILY.','a',1,2),(12,'WHEN PROBLEMS KEEP ON COMING ONE AFTER ANOTHER, I:','c',1,32),(13,'WHEN THE TIME COMES FOR SOMETHINGS I’VE PLANNED, I OCCASIONALLY DO NOT FEEL LIKE PURSUING IT.','c',1,35),(14,'I GET WHAT I DREAM TO ACHIEVE MOST OF THE TIME.','a',1,64),(15,'MY NEED TO BE LOVED OR RESPECTED, ARE NOT FULFILLED:','c',1,67),(16,'I DON’T ALLOW MYSELF TO BE SAD OVER SMALL THINGS.','a',1,97),(17,'WHEN I SLEEP AT NIGHT, I FEEL CONTENTED WITH WHAT HAPPENED DURING THE DAY.','a',1,128),(18,'COMPARED TO MOST PEOPLE, I AM MOODY WITH LOTS OF EXTREME EMOTIONS (EX. VERY HAPPY THEN SUDDENLY SHIFTS INTO DEPRESSED MOOD OR VICE VERSA)','c',1,131),(19,'THERE ARE MOMENTS THAT I AM NOT FEELING GOOD TO SEE ANYONE.','a',1,160),(20,'IN MY DAILY ACTIVITIES, IT IS SELDOM THAT I MEET A PROBLEM THAT I CANNOT SOLVE.','a',1,162),(21,'WHEN SOMEONE DOES SOMETHING THAT TROUBLES ME, I:','c',1,3),(22,'WHEN I LEAD, I FEEL COMFORTABLE TELLING PEOPLE WHAT TO DO.','a',1,36),(23,'I AM MORE OF:','c',1,38),(24,'WHEN PEOPLE DO BAD THINGS, I OPENLY TELL THEM WHAT I BELIEVE IS RIGHT.','a',1,66),(25,'IF BEING KIND DOES NOT WORK, I CAN BE A DISCIPLINARIAN IF NECESSARY.','a',1,99),(26,'IF WE WERE LOST IN A NATURE PARK AND MY COMPANIONS DID NOT AGREE WITH ME ON THE RIGHT WAY TO GO, I:','c',1,102),(27,'WHEN ONE RECEIVES UNSATISFACTORY SERVICE BY FOOD DELIVERERS SUCH AS THE FOOD PANDA, ONE SHOULD COMPLAIN.','a',1,130),(28,'I CAN USUALLY CONVINCE PEOPLE WHO DO NOT SEE THINGS THE WAY I DO, TO SEE THINGS THE WAY I SEE THEM.','a',1,132),(29,'WHEN I’M SURE THAT A PERSON IS NOT RIGHT, I:','a',1,163),(30,'I APPRECIATE FRIENDLY RIVALRY WITH OTHER PEOPLE IN ACTIVITIES THAT I ENGAGE MYSELF WITH.','a',1,165),(31,'I AM A BELIEVER IN:','c',1,4),(32,'I LOVE GROUP TOURS OR SOCIAL EVENTS WITH FRIENDS.','a',1,6),(33,'I’D PREFER TO SPEND THE NIGHT:','c',1,37),(34,'EMBARRASSING BUT I TEND TO LIKE DISCRIMINATIVE, RACIST AND SLAPSTICK HUMOR OF SOME SHOWS.','a',1,39),(35,'I AM ENTHUSIASTIC DOING A LOT OF PROJECTS AND ACTIVITIES.','a',1,68),(36,'I PREFER TO BE LOW PROFILE RATHER THAN CATCH OTHER PEOPLE’S ATTENTION.','c',1,70),(37,'I ENJOY GOING OUT TO SHOWS/ENTERTAINMENT OFTEN.','a',1,100),(38,'MY FRIENDS THINK I AM A JOLLY, EASY GOING PERSON.','a',1,103),(39,'I LOVE TO SEE PEOPLE ENJOY MY FUNNY STORIES.','a',1,134),(40,'I LOVE ASKING FRIENDS TO COME OVER AND ENTERTAIN THEM:','a',1,164),(41,'I’D RATHER STAY IN A PLACE WHERE:','a',1,5),(42,'I APPRECIATE MORE:','a',1,7),(43,'RESPECT FOR WHAT IS RIGHT IS MORE IMPORTANT THAN TO BE RICH.','a',1,40),(44,'MORAL STANDARDS OF THE SOCIETY SHOULD BE STRICTLY OBSERVED.','a',1,69),(45,'WHEN ASKED TO OBSERVE ALL THE DETAILS IN A SIMPLE RULE, I GET IRRITATED.','c',1,72),(46,'IF A CASHIER WAS CARELESS AND MISTAKENLY FAILED TO CHARGE ME FOR SOMETHING,','a',1,104),(47,'PEOPLE IN AUTHORITY DO THEIR BEST TO BLOCK US FROM EXECUTING WHAT WE LOVE TO DO.','c',1,106),(48,'HAVING THE LIBERTY TO DO WHAT I WANT IS MORE VALUABLE THAN GOOD VALUES AND OBEDIENCE TO THE LAW.','c',1,133),(49,'LAWS MAY BE VIOLATED WHEN THERE ARE VALID JUSTIFICIATIONS TO VIOLATE THEM.','c',1,166),(50,'IF A PERSON KNOWS TO EVADE THE RULES WITHOUT APPEARING TO VIOLATE THEM, HE SHOULD:','c',1,136),(51,'WHENEVER I AGREE OR DISAGREE ON SOMETHING, I ALWAYS THINK WHAT IS JUST AND FAIR.','a',1,168),(52,'I ENJOY:','a',1,8),(53,'I AM TIMID AND HESISTANT IN MAKING NEW FRIENDS.','c',1,41),(54,'I AM NOT COMFORTABLE WHEN EVERYONE LOOKS AT ME.','c',1,71),(55,'INITIATING A TALK TO STRANGERS:','a',1,73),(56,'I HAVE ALWAYS STRUGGLED AGAINST BEING TOO SHY OR TOO INTROVERTED.','c',1,105),(57,'WHEN I AM WITH OTHER PEOPLE, I CONTENT MYSELF LISTENING WHILE OTHERS DO THE TALKING.','c',1,107),(58,'I AM TRULY AN EXTROVERTED PERSON.','a',1,135),(59,'I USUALLY TAKE THE FIRST MOVE IN INITIATING FRIENDSHIPS.','a',1,137),(60,'PUBLIC SPEAKING IS DIFFICULT FOR ME.','c',1,167),(61,'I ENJOY:','c',1,8),(62,'I LOVE KOREAN DRAMA.','a',1,10),(63,'IF I COULD, I PREFER:','a',1,42),(64,'TO BE AN ACTOR/ACTRESS IS MORE INTERESTING THAN TO BE A PILOT.','a',1,44),(65,'IF I’M A WRITER, I’D PREFER:','a',1,74),(66,'AN ARTIST PAINTING SOMETHING IS A JOY TO WATCH THAN A BUILDING BEING BUILT.','a',1,77),(67,'I AM AMAZED MORE OF THE WONDERS OF POETRY COMPARED TO AN EXPERT SPORT STRATEGY.','a',1,108),(68,'I’M NATURALLY GOOD IN UNDERSTANDING HOW MACHINES WORK AND HOW TO FIX THEM.','c',1,110),(69,'AUTHENTIC OR GENUINE ACTION STORIES ARE BETTER THAN FANTASY NOVELS.','c',1,138),(70,'I LIKE TO DEAL WITH NUMBERS RATHER THAN DEAL WITH WORDS.','c',1,140),(71,'ON YOUTUBE, I LIKE TO WATCH:','c',1,170),(72,'WHAT PEOPLE SAY THEY’LL DO AND WHAT THEY ACTUALLY DO, DIFFER.','a',1,11),(73,'SOME PEOPLE WILL SECRETLY SAY BAD THINGS ABOUT YOU JUST TO GET AHEAD.','a',1,13),(74,'IT IS WISE TO KNOW THE REASON BEHIND AN ACTION.','a',1,43),(75,'PEOPLE JUDGE ME TOO QUICKLY.','c',1,45),(76,'I DON’T TRUST PEOPLE WHO FLATTER OTHER PEOPLE BECAUSE THEIR MOTIVES MAY NOT BE RIGHT.','a',1,76),(77,'PEOPLE WITHOUT SUPERVISION MAY NOT DO THEIR WORK IF THEY BELIEVE THEY CANNOT BE CAUGHT.','a',1,78),(78,'IF A PERSON IS SILENT ABOUT ANYTHING, OTHERS APPRECIATE IT.','c',1,109),(79,'MAJORITY OF THE PEOPLE I MET ARE NOT TRUSTWORTHY.','a',1,112),(80,'PEOPLE WHO SEEM WARM AND OPEN TO ME COULD BE BETRAYING ME SECRETLY AT MY BACK.','a',1,139),(81,'MANY TOUCHY, EASILY HURT PEOPLE SHOULD LEARN TO BE STRONG FOR THEIR OWN SAKE.','a',1,141),(82,'I’M SLIGHTLY ABSENTMINDED AND IMPRACTICAL.','a',1,12),(83,'I SOMETIMES GET INTO CONFLICT BECAUSE I FOLLOW MY OWN IDEAS WITHOUT CONSULTING OTHERS WHO ARE PART OF THE GROUP.','a',1,14),(84,'FOR MANY PEOPLE, MY THOUGHTS ARE TOO DEEP AND DIFFICULT TO COMPREHEND.','c',1,17),(85,'I AM A PERSON WHO:','c',1,46),(86,'I AM PRACTICAL AND REALISTIC.','c',1,49),(87,'I HAVE GREAT IDEAS ABOUT SO MANY THINGS IT IS DIFFICULT TO APPLY ALL OF THEM.','a',1,79),(88,'I FOCUS MORE ON:','c',1,81),(89,'SOMETIMES, I BECOME ABSENT MINDED TO THE EXTENT THAT I FORGET THE TIME AND COULD NOT RECALL WHERE I PUT SOME OF MY THINGS.','a',1,111),(90,'I PUT MY IDEAS INTO PRACTICAL APPLICATION IN MY PROJECTS.','c',1,114),(91,'I’M SO CONCERNED ABOUT IDEAS THAT I TEND TO FORGET THEIR APPLICATIONS IN MY IMMEDIATE ENVIRONMENT AND SOCIETY IN GENERAL.','a',1,142),(92,'SOMETIMES, I AM OUT OF PLACE (OP) IN A GROUP BECAUSE MY IDEAS ARE TOO DIFFERENT FROM THEIRS.','a',1,145),(93,'IT IS EASY FOR ME TO TALK ABOUT MY LIFE AND THINGS THAT OTHERS MIGHT CONSIDER PERSONAL AND CONFIDENTIAL.','c',1,15),(94,'I PREFER TO:','c',1,18),(95,'SOME PEOPLE THINK IT’S DIFFICULT TO MAKE FRIENDS WITH ME.','a',1,47),(96,'I AVOID BEING INTIMATE WITH OTHER PEOPLE AND KEEP MY PROBLEMS TO MYSELF.','a',1,50),(97,'WHEN HAVING A CONVERSATION WITH A NEW ACQUAINTANCE, I ONLY REVEAL FACTS THAT ARE IMPORTANT.','a',1,80),(98,'WHEN INTERACTING WITH PEOPLE, I PREFER TO:','c',1,84),(99,'I USUALLY DISCOVER THAT I UNDERSTAND OTHER PEOPLE MORE THAN THEY UNDERSTAND ME.','a',1,113),(100,'I TALK ABOUT MY EMOTIONS:','c',1,117),(101,'I KEEP MYSELF AWAY FROM RESPONDING TO VERY INTIMATE, PERSONAL QUESTIONS.','a',1,143),(102,'I AM VERY SELECTIVE WITH THE PERSON I WILL OPEN UP OR TELL MY PROBLEM.','a',1,148),(103,'I TEND TO BE TOO TOUCHY AND THINK TOO MUCH ABOUT SOMETHING I’VE DONE.','c',1,19),(104,'WHEN I COULD SENSE SOMEONE DISLIKES ME:','c',1,21),(105,'EVEN IF I ALREADY MADE A DECISION, I CAN’T HELP BUT KEEP ON THINKING WHETHER IT WAS GOOD OR BAD.','a',1,51),(106,'WHEN PEOPLE MISUNDERSTAND EACH OTHER, IT BOTHERS ME SO MUCH.','a',1,54),(107,'WHEN I AM CRITICIZED IN FRONT OF OTHER PEOPLE, I FEEL DEGRADED, HURT, AND INSULTED.','c',1,82),(108,'I’M THE ONE IN CHARGE OF THINGS THAT ARE GOING ON IN MY LIFE.','a',1,87),(109,'SOMETIMES, I AM ANXIOUS OVER WHAT I THINK IS MY MISTAKE EVEN THOUGH IT MAY NOT REALLY BE MY MISTAKE AT ALL.','a',1,116),(110,'I REMEMBER THINGS THAT I SHOULD HAVE OPENED TO OTHERS BUT FAILED TO DO SO.','a',1,119),(111,'COMPARED TO MOST PEOPLE, I AM CALM AND DON’T PANIC EASILY.','c',1,146),(112,'I HAVE THE TENDENCY TO FIND FAULT WITH MYSELF EASILY.','a',1,150),(113,'I LIKE PEOPLE WHO ARE:','c',1,20),(114,'NEW STRATEGIES ARE BETTER COMPARED TO OLD STRATEGIES THAT WORK.','a',1,22),(115,'IT IS BEST TO FOLLOW EXACT DETAILED DIRECTIONS WHEN DOING SOMETHING:','c',1,24),(116,'I DISLIKE PEOPLE WHO SEEM TO DEVIATE FROM WHAT IS USUAL OR SEEM DIFFERENT FROM MOST PEOPLE.','c',1,52),(117,'I PREFER TO:','a',1,53),(118,'A COMMUNITY NEEDS:','c',1,55),(119,'PEOPLE ARE MORE FASCINATING IF THEIR PLANS AND DESIGNS VARY FROM THE MAJORITY.','a',1,83),(120,'PEOPLE WHO ARE TRADITIONAL ARE BETTER THAN THOSE WHO SERIOUSLY REEXAMINE THEIR PHILOSOPHY OR OUTLOOK ABOUT LIFE.','c',1,86),(121,'ROUTINE AND FAMILIAR WORK ARE:','a',1,88),(122,'I LIKE TO THINK OF WAYS TO IMPROVE MY COMMUNITY.','a',1,118),(123,'WHEN LISTENING TO NEWS, I PREFER:','a',1,120),(124,'MORE PROBLEMS WILL COME UP WHEN:','c',1,147),(125,'WHEN I AM NOT LIKE OR NOT SIMILAR WITH THE OTHER PERSON IN TERMS OF BELIEFS/VIEWS, I:','a',1,149),(126,'I’D RATHER SPEND MY VACATION IN FAMILIAR PLACES RATHER THAN DO SOME VACATION ADVENTURES IN UNFAMILIAR PLACES.','c',1,151),(127,'I FEEL GOOD WHEN I’M WITH PEOPLE.','c',1,25),(128,'I LIKE TO PLAN ALONE WITHOUT THE INTERRUPTION OF OTHERS.','a',1,27),(129,'I PREFER ACTIVITIES:','c',1,56),(130,'I’M MORE PRODUCTIVE WHEN ALONE.','a',1,59),(131,'I PREFER WORKING ALONE RATHER THAN WORKING WITH A GROUP.','a',1,89),(132,'DOING A GROUP ACTIVITY IS SOMETHING THAT I LOVE TO DO.','c',1,92),(133,'I’D RATHER:','a',1,121),(134,'I PREFER TO EXERCISE:','c',1,123),(135,'I CAN SPEND THE DAY WITHOUT SEEKING FOR SOMEONE TO CHAT WITH.','a',1,152),(136,'WHEN DOING SOMETHING, I PREFER:','c',1,156),(137,'I BELIEVE THAT:','c',1,26),(138,'I AM QUITE OKAY EVEN WHEN CONFRONTED WITH A DISORGANIZED SITUATION.','c',1,29),(139,'I RELY ON CHANCE RATHER THAN PLAN OUT THINGS CAREFULLY,','c',1,57),(140,'I LIKE MY THINGS TO BE ALWAYS NEAT AND CLEAN.','a',1,61),(141,'I CAN WORK EVEN IF MY WORKPLACE IS A LITTLE BIT CLUTTERED.','c',1,90),(142,'I LIKE TO DO THINGS THE WAY THEY SHOULD BE DONE.','a',1,93),(143,'IF THERE IS SOMETHING I NEED TO DO, I TEND TO:','c',1,122),(144,'I USUALLY FOCUS MORE ON THE PREPARATION FIRST BEFORE I START ON A PROJECT/TASK.','a',1,125),(145,'I LIKE SCHEDULING EVERYTHING SO NO TIME WILL BE WASTED.','c',1,154),(146,'WHEN WORKING ON A TASK, I’M NOT CONTENTED UNLESS I PUT ALL MY ATTENTION INTO IT.','a',1,157),(147,'IT’S DIFFICULT TO BE QUIET WHEN PEOPLE CRITICIZE ME.','a',1,28),(148,'CHANGING MY PLANS BECAUSE OF OTHER PEOPLE,','a',1,30),(149,'IT’S ALRIGHT EVEN IF PEOPLE DISTURB ME WHEN I’M TRYING TO DO SOMETHING.','a',1,60),(150,'I GET DISAPPOINTED WITH PEOPLE TOO EASILY.','a',1,62),(151,'I CAN BE TOLERANT OF OTHERS WHO FIND IT HARD TO GRASP WHAT I AM TRYING TO SAY.','c',1,91),(152,'WHEN I HAVE TO STAND IN A LONG LINE TO WAIT FOR MY TURN, I CALMLY ACCEPT THAT AS PART OF LIVING IN THIS SOCIETY.','c',1,94),(153,'I’M CALM AND CONSIDERATE EVEN WHEN OTHERS ARE QUITE RUDE AND SELF-CENTERED.','c',1,124),(154,'. I GET IMPATIENT WHEN PEOPLE TAKE TOO MUCH TIME TO DESCRIBE OR EXPLAIN WHAT I WANT TO UNDERSTAND.','a',1,126),(155,'WHEN I AM PRESSURED, EVEN LITTLE THINGS ANNOY ME.','a',1,155),(156,'I HAVE LEARNED TO BE CONSIDERATE WITH ALL TYPES OF PEOPLE.','c',1,158);
/*!40000 ALTER TABLE `question` ENABLE KEYS */;
UNLOCK TABLES;

--
-- Table structure for table `question_meta`
--

DROP TABLE IF EXISTS `question_meta`;
/*!40101 SET @saved_cs_client     = @@character_set_client */;
/*!40101 SET character_set_client = utf8 */;
CREATE TABLE `question_meta` (
  `question_meta_id` int(11) NOT NULL AUTO_INCREMENT,
  `question_meta_type` varchar(45) DEFAULT NULL,
  `question_meta_value` varchar(45) DEFAULT NULL,
  `fk_question_id` int(11) NOT NULL,
  PRIMARY KEY (`question_meta_id`),
  KEY `fk_question_meta_question1_idx` (`fk_question_id`),
  CONSTRAINT `fk_question_meta_question1` FOREIGN KEY (`fk_question_id`) REFERENCES `question` (`question_id`) ON DELETE NO ACTION ON UPDATE NO ACTION
) ENGINE=InnoDB AUTO_INCREMENT=157 DEFAULT CHARSET=utf8;
/*!40101 SET character_set_client = @saved_cs_client */;

--
-- Dumping data for table `question_meta`
--

LOCK TABLES `question_meta` WRITE;
/*!40000 ALTER TABLE `question_meta` DISABLE KEYS */;
INSERT INTO `question_meta` VALUES (1,'factor','A',1),(2,'factor','A',2),(3,'factor','A',3),(4,'factor','A',4),(5,'factor','A',5),(6,'factor','A',6),(7,'factor','A',7),(8,'factor','A',8),(9,'factor','A',9),(10,'factor','A',10),(11,'factor','C',11),(12,'factor','C',12),(13,'factor','C',13),(14,'factor','C',14),(15,'factor','C',15),(16,'factor','C',16),(17,'factor','C',17),(18,'factor','C',18),(19,'factor','C',19),(20,'factor','C',20),(21,'factor','E',21),(22,'factor','E',22),(23,'factor','E',23),(24,'factor','E',24),(25,'factor','E',25),(26,'factor','E',26),(27,'factor','E',27),(28,'factor','E',28),(29,'factor','E',29),(30,'factor','E',30),(31,'factor','F',31),(32,'factor','F',32),(33,'factor','F',33),(34,'factor','F',34),(35,'factor','F',35),(36,'factor','F',36),(37,'factor','F',37),(38,'factor','F',38),(39,'factor','F',39),(40,'factor','F',40),(41,'factor','G',41),(42,'factor','G',42),(43,'factor','G',43),(44,'factor','G',44),(45,'factor','G',45),(46,'factor','G',46),(47,'factor','G',47),(48,'factor','G',48),(49,'factor','G',49),(50,'factor','G',50),(51,'factor','G',51),(52,'factor','H',52),(53,'factor','H',53),(54,'factor','H',54),(55,'factor','H',55),(56,'factor','H',56),(57,'factor','H',57),(58,'factor','H',58),(59,'factor','H',59),(60,'factor','H',60),(61,'factor','I',61),(62,'factor','I',62),(63,'factor','I',63),(64,'factor','I',64),(65,'factor','I',65),(66,'factor','I',66),(67,'factor','I',67),(68,'factor','I',68),(69,'factor','I',69),(70,'factor','I',70),(71,'factor','I',71),(72,'factor','L',72),(73,'factor','L',73),(74,'factor','L',74),(75,'factor','L',75),(76,'factor','L',76),(77,'factor','L',77),(78,'factor','L',78),(79,'factor','L',79),(80,'factor','L',80),(81,'factor','L',81),(82,'factor','M',82),(83,'factor','M',83),(84,'factor','M',84),(85,'factor','M',85),(86,'factor','M',86),(87,'factor','M',87),(88,'factor','M',88),(89,'factor','M',89),(90,'factor','M',90),(91,'factor','M',91),(92,'factor','M',92),(93,'factor','N',93),(94,'factor','N',94),(95,'factor','N',95),(96,'factor','N',96),(97,'factor','N',97),(98,'factor','N',98),(99,'factor','N',99),(100,'factor','N',100),(101,'factor','N',101),(102,'factor','N',102),(103,'factor','O',103),(104,'factor','O',104),(105,'factor','O',105),(106,'factor','O',106),(107,'factor','O',107),(108,'factor','O',108),(109,'factor','O',109),(110,'factor','O',110),(111,'factor','O',111),(112,'factor','O',112),(113,'factor','Q1',113),(114,'factor','Q1',114),(115,'factor','Q1',115),(116,'factor','Q1',116),(117,'factor','Q1',117),(118,'factor','Q1',118),(119,'factor','Q1',119),(120,'factor','Q1',120),(121,'factor','Q1',121),(122,'factor','Q1',122),(123,'factor','Q1',123),(124,'factor','Q1',124),(125,'factor','Q1',125),(126,'factor','Q1',126),(127,'factor','Q2',127),(128,'factor','Q2',128),(129,'factor','Q2',129),(130,'factor','Q2',130),(131,'factor','Q2',131),(132,'factor','Q2',132),(133,'factor','Q2',133),(134,'factor','Q2',134),(135,'factor','Q2',135),(136,'factor','Q2',136),(137,'factor','Q3',137),(138,'factor','Q3',138),(139,'factor','Q3',139),(140,'factor','Q3',140),(141,'factor','Q3',141),(142,'factor','Q3',142),(143,'factor','Q3',143),(144,'factor','Q3',144),(145,'factor','Q3',145),(146,'factor','Q3',146),(147,'factor','Q4',147),(148,'factor','Q4',148),(149,'factor','Q4',149),(150,'factor','Q4',150),(151,'factor','Q4',151),(152,'factor','Q4',152),(153,'factor','Q4',153),(154,'factor','Q4',154),(155,'factor','Q4',155),(156,'factor','Q4',156);
/*!40000 ALTER TABLE `question_meta` ENABLE KEYS */;
UNLOCK TABLES;

--
-- Table structure for table `quiz`
--

DROP TABLE IF EXISTS `quiz`;
/*!40101 SET @saved_cs_client     = @@character_set_client */;
/*!40101 SET character_set_client = utf8 */;
CREATE TABLE `quiz` (
  `quiz_id` int(11) NOT NULL AUTO_INCREMENT,
  `quiz_name` varchar(45) DEFAULT NULL,
  PRIMARY KEY (`quiz_id`)
) ENGINE=InnoDB AUTO_INCREMENT=2 DEFAULT CHARSET=utf8;
/*!40101 SET character_set_client = @saved_cs_client */;

--
-- Dumping data for table `quiz`
--

LOCK TABLES `quiz` WRITE;
/*!40000 ALTER TABLE `quiz` DISABLE KEYS */;
INSERT INTO `quiz` VALUES (1,'Personality Test');
/*!40000 ALTER TABLE `quiz` ENABLE KEYS */;
UNLOCK TABLES;
/*!40103 SET TIME_ZONE=@OLD_TIME_ZONE */;

/*!40101 SET SQL_MODE=@OLD_SQL_MODE */;
/*!40014 SET FOREIGN_KEY_CHECKS=@OLD_FOREIGN_KEY_CHECKS */;
/*!40014 SET UNIQUE_CHECKS=@OLD_UNIQUE_CHECKS */;
/*!40101 SET CHARACTER_SET_CLIENT=@OLD_CHARACTER_SET_CLIENT */;
/*!40101 SET CHARACTER_SET_RESULTS=@OLD_CHARACTER_SET_RESULTS */;
/*!40101 SET COLLATION_CONNECTION=@OLD_COLLATION_CONNECTION */;
/*!40111 SET SQL_NOTES=@OLD_SQL_NOTES */;

-- Dump completed on 2021-07-14 15:58:17
